Player,Span,Mat,Runs,HS,Bat Av,100,Wkts,BBI,Bowl Av,5,Ct,St,Ave Diff
SR Tendulkar,1989-2013,640,33839,248*,48.54,99,199,May-32,46.17,2,250,0,2.37
MS Dhoni,2004-2019,518,16902,224,44.47,15,1,Jan-14,98,0,622,189,-53.52
R Dravid,1996-2012,487,23753,270,45.67,48,5,Feb-43,41.8,0,397,14,3.87
M Azharuddin,1984-2000,419,15358,199,39.58,29,12,Mar-19,41.25,0,259,0,-1.66
SC Ganguly,1992-2008,405,18363,239,41.82,38,130,May-16,42.13,2,166,0,-0.3
A Kumble,1990-2008,389,3406,110*,15.07,1,946,Oct-74,30.11,37,143,0,-15.04
V Kohli,2008-2019,383,20946,254*,56.91,69,8,Jan-13,115.12,0,233,0,-58.2
Yuvraj Singh,2000-2017,383,11609,169,35.17,17,146,May-31,35.84,1,134,0,-0.66
Harbhajan Singh,1998-2016,349,3518,115,15.99,2,696,Aug-84,32.79,28,117,0,-16.8
N Kapil Dev,1978-1994,349,9007,175*,27.62,9,683,Sep-83,28.87,24,133,0,-1.24
V Sehwag,1999-2013,349,16698,319,40.82,38,133,5/104,41.42,1,178,0,-0.6
RG Sharma,2007-2019,337,13195,264,44.42,37,11,Feb-27,76.72,0,139,0,-32.29
SK Raina,2005-2018,313,7911,120,32.82,7,62,Mar-34,45.06,0,162,0,-12.23
Z Khan,2000-2014,294,1997,75,11.74,0,589,Jul-87,31.49,12,64,0,-19.75
J Srinath,1991-2003,289,1892,76,12.36,0,547,Aug-86,29.07,13,54,0,-16.7
RA Jadeja,2009-2019,240,4054,100*,30.48,1,421,Jul-48,29.52,10,110,0,0.95
DB Vengsarkar,1976-1992,240,10149,166,38.73,18,0,-,-,0,114,0,-
G Gambhir,2003-2016,233,10138,206,38.69,19,0,-,-,0,85,0,-
SM Gavaskar,1971-1987,230,13161,236*,46.17,35,2,01-Oct,115.5,0,130,0,-69.32
RJ Shastri,1981-1992,224,6885,206,32.47,15,278,May-15,38.84,3,76,0,-6.36
R Ashwin,2010-2019,220,3174,124,24.99,4,555,Jul-59,27.16,27,61,0,-2.17
VVS Laxman,1996-2012,218,11094,281,41.7,23,2,01-Feb,83,0,174,0,-41.29
S Dhawan,2010-2019,216,9137,190,39.72,24,0,-,-,0,107,0,-
AB Agarkar,1998-2007,211,1855,109*,15.08,1,342,Jun-41,31.1,3,56,0,-16.02
A Jadeja,1992-2000,201,5865,119,35.98,6,19,03-Mar,56.05,0,63,0,-20.07
BKV Prasad,1994-2001,186,420,30*,7.11,0,284,Jun-33,33.42,8,40,0,-26.3
K Srikkanth,1981-1992,185,6135,123,29.49,6,25,May-27,30.2,2,82,0,-0.7
I Sharma,2007-2019,182,782,57,7.89,0,396,Jul-74,33.48,9,44,0,-25.58
NS Sidhu,1983-1999,182,7612,201,39.23,15,0,-,-,0,29,0,-
NR Mongia,1994-2001,176,2706,152,22.36,1,-,-,-,-,205,50,-
B Kumar,2012-2019,171,1101,63*,16.68,0,231,Jun-82,30.82,6,41,0,-14.14
IK Pathan,2003-2012,166,2800,102,26.41,1,300,Jul-59,29.53,9,31,0,-3.11
M Prabhakar,1984-1996,166,3455,120,27.42,3,250,6/132,32.44,5,47,0,-5.01
AM Rahane,2011-2019,166,7175,188,37.56,14,-,-,-,-,141,0,-
A Nehra,1999-2017,156,245,24,5.69,0,231,Jun-23,31.97,2,26,0,-26.28
M Amarnath,1969-1989,152,6297,138,38.16,13,78,Apr-63,48.11,0,70,0,-9.95
KD Karthik,2004-2019,146,3176,129,28.87,1,-,-,-,-,134,18,-
KS More,1984-1993,141,1848,73,19.87,0,0,-,-,0,173,47,-
SMH Kirmani,1976-1986,136,3132,102,26.1,2,1,01-Sep,13,0,187,47,13.1
M Kaif,2000-2006,131,3372,148*,32.42,3,0,-,-,0,67,0,-
RR Singh,1989-2001,128,2229,82,24.76,0,66,May-22,44.71,2,38,0,-19.94
UT Yadav,2010-2019,122,395,31,10.39,0,244,Jun-88,32.14,2,39,0,-21.75
VG Kambli,1991-2000,118,3560,227,37.47,6,1,01-Jul,7,0,22,0,30.47
Mohammed Shami,2013-2019,117,579,51*,9.81,0,297,Jun-56,26.75,6,34,0,-16.94
GR Viswanath,1969-1983,116,6519,222,39.03,14,1,01-Nov,46,0,66,0,-6.96
JJ Bumrah,2016-2019,110,45,10*,2.81,0,213,Jun-27,20.79,6,26,0,-17.98
SV Manjrekar,1987-1996,109,4034,218,35.38,5,1,01-Feb,25,0,47,1,10.38
HH Pandya,2016-2019,104,1799,108,26.45,1,109,May-28,33.93,1,52,0,-7.47
S Madan Lal,1974-1987,102,1434,74,21.72,0,143,May-23,34.42,4,32,0,-12.69
RMH Binny,1979-1987,96,1451,83*,19.34,0,124,Jun-56,30.59,2,23,0,-11.25
Maninder Singh,1982-1993,91,148,15,4.93,0,154,Jul-27,34.49,3,26,0,-29.56
M Vijay,2008-2018,87,4490,167,34.8,12,2,01-Dec,122,0,61,0,-87.19
KL Rahul,2014-2019,85,3609,199,37.2,9,-,-,-,-,62,0,-
C Sharma,1983-1994,85,839,101*,22.67,1,126,Jun-58,35.53,4,14,0,-12.86
S Sreesanth,2005-2011,85,341,35,8.97,0,163,Jun-55,36.55,4,14,0,-27.58
SB Joshi,1996-2001,82,933,92,18.29,0,110,05-Jun,36.17,2,25,0,-17.87
YS Chahal,2016-2019,81,43,18*,7.16,0,131,Jun-25,24.56,3,21,0,-17.39
P Kumar,2007-2012,81,446,54*,13.11,0,110,5/106,32.9,1,14,0,-19.78
MM Patel,2006-2011,81,134,15*,6.7,0,120,Apr-25,33,0,17,0,-26.29
SLV Raju,1990-2001,80,272,31,8.5,0,156,06-Dec,31.22,5,14,0,-22.72
Yashpal Sharma,1978-1985,79,2489,140,31.5,2,2,01-Jun,108,0,26,0,-76.49
RP Singh,2005-2011,78,223,30,8.57,0,123,May-59,33.72,1,20,0,-25.14
BS Bedi,1966-1979,77,687,50*,8.8,0,273,Jul-98,29.21,14,30,0,-20.41
YK Pathan,2007-2012,77,1046,123*,24.32,2,46,Mar-49,39.19,0,26,0,-14.87
CA Pujara,2010-2019,77,5655,206*,47.92,18,0,-,-,0,47,0,-
KM Jadhav,2014-2019,75,1411,120,39.19,2,27,Mar-23,37.37,0,31,0,1.82
Kuldeep Yadav,2017-2019,74,172,26,11.46,0,153,Jun-25,21.55,4,15,0,-10.08
SM Patil,1980-1986,72,2518,174,30.7,4,24,Feb-28,34.54,0,23,0,-3.83
S Venkataraghavan,1965-1983,72,802,64,11.62,0,161,Aug-72,38.36,3,48,0,-26.73
A Mishra,2003-2017,65,691,84,17.71,0,152,Jun-48,28.92,3,13,0,-11.2
PA Patel,2002-2018,62,1611,71,25.98,0,-,-,-,-,93,19,-
BS Chandrasekhar,1964-1979,59,178,22,4.34,0,245,Aug-79,29.53,16,25,0,-25.18
AT Rayudu,2013-2019,59,1712,124*,45.05,3,3,01-May,41.33,0,21,0,3.71
PR Umrigar,1948-1962,59,3631,223,42.22,12,35,Jun-74,42.08,2,33,0,0.13
KD Ghavri,1974-1981,58,1027,86,19.37,0,124,May-33,35.19,4,18,0,-15.81
CG Borde,1958-1969,55,3061,177*,35.59,5,52,May-88,46.48,1,37,0,-10.88
VL Manjrekar,1951-1965,55,3208,189*,39.12,7,1,Jan-16,44,0,19,2,-4.87
AD Gaekwad,1974-1987,54,2242,201,28.74,2,3,01-Apr,75.33,0,21,0,-46.58
D Mongia,2001-2007,54,1240,159*,28.83,1,14,Mar-31,40.78,0,21,0,-11.94
MK Pandey,2015-2019,54,1005,104*,37.22,1,-,-,-,-,13,0,-
RV Uthappa,2006-2015,54,1173,86,26.65,0,0,-,-,0,21,2,-
RK Chauhan,1993-1998,53,228,32,8.76,0,76,Apr-48,39.93,0,21,0,-31.16
FM Engineer,1961-1975,51,2725,121,31.32,2,-,-,-,-,69,17,-
EAS Prasanna,1962-1978,49,735,37,11.48,0,189,Aug-76,30.38,10,18,0,-18.89
DR Doshi,1979-1983,48,138,20,4.45,0,136,6/102,29.6,6,13,0,-25.15
PP Ojha,2008-2013,48,145,18*,12.08,0,144,Jun-47,29.19,7,18,0,-17.11
PK Amre,1991-1994,47,938,103,26.8,1,0,-,-,0,21,0,-
CPS Chauhan,1969-1981,47,2237,97,30.64,0,2,01-Apr,53,0,41,0,-22.35
AR Patel,2014-2018,47,248,38,14.58,0,54,Mar-17,31,0,20,0,-16.41
M Kartik,2000-2007,46,214,43,11.88,0,61,Jun-27,40.31,1,12,0,-28.42
MAK Pataudi,1961-1975,46,2793,203*,34.91,6,1,01-Oct,88,0,27,0,-53.08
Arshad Ayub,1987-1990,45,373,57,14.92,0,72,May-21,36.86,4,7,0,-21.94
DS Mohanty,1997-2001,45,28,18*,5.6,0,61,Apr-56,30.44,0,10,0,-24.84
HK Badani,2000-2004,44,961,100,30.03,1,3,01-Jul,55.33,0,19,0,-25.3
MH Mankad,1946-1959,44,2109,231,31.47,5,162,Aug-52,32.32,8,33,0,-0.84
P Roy,1951-1960,43,2442,173,32.56,5,1,01-Jun,66,0,16,0,-33.43
WP Saha,2010-2019,43,1234,117,29.38,3,-,-,-,-,103,12,-
L Balaji,2002-2012,42,171,31,9,0,68,May-76,36.01,1,11,0,-27.01
S Ramesh,1999-2001,42,1998,143,34.44,2,1,Jan-23,81,0,21,0,-46.55
NS Yadav,1979-1987,42,404,43,14.42,0,110,May-76,34.61,3,11,0,-20.18
RG Nadkarni,1955-1968,41,1414,122*,25.7,1,88,Jun-43,29.07,4,22,0,-3.37
RR Pant,2017-2019,41,1308,159*,30.41,2,-,-,-,-,63,2,-
CS Pandit,1986-1992,40,461,39,21.95,0,-,-,-,-,29,16,-
ML Jaisimha,1959-1971,39,2056,129,30.68,3,9,Feb-54,92.11,0,17,0,-61.42
R Vinay Kumar,2010-2013,39,98,27*,8.9,0,47,Apr-30,35.65,0,7,0,-26.75
AL Wadekar,1966-1974,39,2186,143,31.22,1,0,-,-,0,47,0,-
N Chopra,1998-2000,38,308,61,14.66,0,46,May-21,29.54,1,16,0,-14.87
WV Raman,1988-1997,38,1065,114,24.2,1,4,01-Jul,74.75,0,8,0,-50.54
SP Gupte,1951-1961,36,183,21,6.31,0,149,9/102,29.55,12,14,0,-23.23
PP Chawla,2006-2012,35,44,13*,4,0,43,Apr-23,35.76,0,12,0,-31.76
ND Hirwani,1988-1996,35,62,17,4.42,0,89,Aug-61,30.4,4,7,0,-25.97
S Abid Ali,1967-1975,34,1111,81,20.96,0,54,Jun-55,40.12,1,32,0,-19.16
R Lamba,1986-1989,34,865,102,25.44,1,1,01-Sep,20,0,14,0,5.44
ED Solkar,1969-1977,34,1095,102,22.81,1,22,Mar-28,56.31,0,55,0,-33.5
W Jaffer,2000-2008,33,1954,212,33.11,5,2,Feb-18,9,0,27,0,24.11
HH Kanitkar,1998-2000,33,413,57,17.95,0,16,Feb-22,46.37,0,13,0,-28.41
SS Karim,1997-2000,33,377,55,15.7,0,-,-,-,-,27,3,-
GS Ramchand,1952-1960,33,1180,109,24.58,2,41,Jun-49,46.31,1,20,0,-21.73
MM Sharma,2013-2015,33,33,11,11,0,37,Apr-22,32.56,0,7,0,-21.56
A Kuruvilla,1997-1997,32,89,35*,5.56,0,48,May-68,35.39,1,4,0,-29.83
AK Sharma,1988-1993,32,477,59*,20.73,0,15,Mar-41,58.93,0,7,0,-38.19
NJ Contractor,1955-1962,31,1611,108,31.58,1,1,01-Sep,80,0,18,0,-48.41
BP Patel,1974-1979,31,1215,115*,29.63,1,-,-,-,-,18,0,-
DG Phadkar,1947-1959,31,1229,123,32.34,2,62,7/159,36.85,3,21,0,-4.51
RR Powar,2004-2007,31,176,54,11,0,40,Mar-24,31.47,0,3,0,-20.47
KBJ Azad,1980-1986,30,398,39*,13.26,0,10,Feb-48,64.6,0,10,0,-51.33
VS Hazare,1946-1953,30,2192,164*,47.65,7,20,Apr-29,61,0,11,0,-13.34
DN Sardesai,1961-1972,30,2001,212,39.23,5,0,-,-,0,4,0,-
J Arun Lal,1982-1989,29,851,93,20.75,0,0,-,-,0,17,0,-
SS Dighe,2000-2001,29,397,94*,19.85,0,-,-,-,-,31,7,-
SA Durani,1960-1973,29,1202,104,25.04,1,75,Jun-73,35.42,3,14,0,-10.38
BS Sandhu,1982-1984,29,265,71,24.09,0,26,Mar-27,50.76,0,6,0,-26.67
RB Desai,1959-1968,28,418,85,13.48,0,74,Jun-56,37.31,2,9,0,-23.82
SB Bangar,2001-2004,27,650,100*,22.41,1,14,Feb-23,51.92,0,8,0,-29.51
SS Das,2000-2002,27,1365,110,33.29,2,0,-,-,0,34,0,-
AO Malhotra,1982-1986,27,683,72*,28.45,0,0,-,-,0,6,0,-
RF Surti,1960-1969,26,1263,99,28.7,0,42,May-74,46.71,1,26,0,-18
SK Sharma,1988-1990,25,136,38,13.6,0,28,May-26,37.85,1,8,0,-24.25
L Sivaramakrishnan,1983-1987,25,135,25,13.5,0,41,Jun-64,41.04,3,16,0,-27.54
L Amarnath,1933-1952,24,878,118,24.38,1,45,May-96,32.91,2,13,0,-8.52
S Viswanath,1985-1988,24,103,23*,7.92,0,-,-,-,-,27,7,-
AV Mankad,1969-1978,23,1035,97,25.87,0,1,Jan-47,90,0,12,0,-64.12
MSK Prasad,1998-2000,23,237,63,13.16,0,-,-,-,-,29,7,-
AB Dinda,2009-2013,22,43,19,7.16,0,29,Apr-19,29.55,0,2,0,-22.38
Ghulam Ahmed,1948-1959,22,192,50,8.72,0,68,Jul-49,30.17,4,11,0,-21.44
HR Adhikari,1947-1959,21,872,114*,31.14,1,3,Mar-68,27.33,0,8,0,3.8
STR Binny,2014-2016,21,434,78,22.84,0,24,06-Apr,31.29,1,7,0,-8.44
V Dahiya,2000-2001,21,218,51,16.76,0,-,-,-,-,25,5,-
AR Kapoor,1994-2000,21,140,42,12.72,0,14,Feb-19,61.92,0,2,0,-49.2
V Shankar,2018-2019,21,324,46,29.45,0,9,Feb-15,44.55,0,9,0,-15.1
NS Tamhane,1955-1961,21,225,54*,10.22,0,-,-,-,-,35,16,-
KK Ahmed,2018-2019,20,10,5,5,0,24,Mar-13,31.25,0,4,0,-26.24
SA Ankola,1989-1997,20,40,9,4,0,15,Mar-33,49.06,0,2,0,-45.06
V Yadav,1992-1994,20,148,34*,13.45,0,-,-,-,-,13,9,-
VR Aaron,2011-2015,18,43,9,4.3,0,29,Mar-24,47.1,0,2,0,-42.8
Harvinder Singh,1997-2001,18,12,6,1.71,0,27,Mar-44,28.59,0,6,0,-26.87
BK Kunderan,1960-1967,18,981,192,32.7,2,0,-,-,0,23,7,-
A Ratra,2002-2002,18,253,115*,15.81,1,0,-,-,0,22,7,-
RS Sodhi,2000-2002,18,280,67,25.45,0,5,Feb-31,73,0,9,0,-47.54
JD Unadkat,2010-2018,17,2,1*,2,0,22,Apr-41,26.36,0,3,0,-24.36
SS Iyer,2017-2019,16,450,88,34.61,0,0,-,-,0,4,0,-
Y Venugopal Rao,2005-2006,16,218,61*,24.22,0,-,-,-,-,6,0,-
KH Pandya,2018-2019,15,106,26*,21.2,0,13,Apr-36,35.61,0,4,0,-14.41
Hanumant Singh,1964-1969,14,686,105,31.18,1,0,-,-,0,11,0,-
AG Kripal Singh,1955-1964,14,422,100*,28.13,1,10,Mar-43,58.4,0,4,0,-30.26
DS Kulkarni,2014-2016,14,28,25*,-,0,22,Apr-34,25.59,0,2,0,-
PK Sen,1948-1952,14,165,25,11.78,0,-,-,-,-,20,11,-
G Sharma,1985-1990,14,22,10*,4.4,0,19,Apr-88,39,0,4,0,-34.59
S Amarnath,1976-1978,13,650,124,30.95,1,1,01-May,5,0,5,0,25.95
D Dasgupta,2001-2002,13,395,100,26.33,1,-,-,-,-,15,1,-
RR Kulkarni,1983-1987,13,35,15,8.75,0,15,Mar-42,38.13,0,3,0,-29.38
SN Thakur,2017-2018,13,26,22*,26,0,14,Apr-27,33.5,0,6,0,-7.49
MK Tiwary,2011-2015,13,298,104*,29.8,1,5,Apr-61,30,0,6,0,-0.19
R Vijay Bharadwaj,1999-2002,13,164,41*,20.5,0,17,Mar-34,24.35,0,7,0,-3.85
Washington Sundar,2017-2019,13,12,8*,12,0,13,Mar-22,25.61,0,5,0,-13.61
AS Wassan,1990-1991,13,127,53,15.87,0,21,4/108,37.47,0,3,0,-21.6
AC Bedade,1994-1994,12,158,51,22.57,0,-,-,-,-,4,0,-
PG Joshi,1951-1960,12,207,52*,10.89,0,-,-,-,-,18,9,-
AR Khurasiya,1999-2001,12,149,57,13.54,0,-,-,-,-,3,0,-
V Rathour,1996-1997,12,301,54,18.81,0,-,-,-,-,16,0,-
Jai P Yadav,2002-2005,12,81,69,20.25,0,6,Feb-32,54.33,0,3,0,-34.08
DK Gaekwad,1952-1961,11,350,52,18.42,0,0,-,-,0,5,0,-
NM Kulkarni,1997-2001,11,11,4,3.66,0,12,Mar-27,56.16,0,2,0,-52.49
S Mushtaq Ali,1934-1952,11,612,112,32.21,2,3,Jan-45,67.33,0,7,0,-35.12
CS Nayudu,1934-1952,11,147,36,9.18,0,2,Jan-19,179.5,0,3,0,-170.31
RL Sanghvi,1998-2001,11,10,8,2.5,0,12,Mar-29,39.75,0,4,0,-37.24
Surendranath,1958-1961,11,136,27,10.46,0,26,May-75,40.5,2,4,0,-30.03
S Badrinath,2008-2011,10,185,56,20.55,0,-,-,-,-,4,0,-
AA Baig,1959-1967,10,428,112,23.77,1,0,-,-,0,6,0,-
A Chopra,2003-2004,10,437,60,23,0,-,-,-,-,15,0,-
RS Gavaskar,2004-2004,10,151,54,18.87,0,1,Jan-56,74,0,4,0,-55.12
JJ Martin,1999-2001,10,158,39,22.57,0,-,-,-,-,6,0,-
VM Merchant,1933-1951,10,859,154,47.72,3,0,-,-,0,7,0,-
RS Modi,1946-1952,10,736,112,46,1,0,-,-,0,3,0,-
SV Bahutule,1997-2003,9,62,21*,10.33,0,5,Jan-31,97.2,0,4,0,-86.86
A Mithun,2010-2011,9,171,46,21.37,0,12,4/105,54.91,0,1,0,-33.54
CT Sarwate,1946-1951,9,208,37,13,0,3,Jan-16,124.66,0,0,0,-111.66
V Subramanya,1965-1968,9,263,75,18.78,0,3,Feb-32,67,0,9,0,-48.21
JM Ghorpade,1953-1959,8,229,41,15.26,0,0,-,-,0,4,0,-
CD Gopinath,1951-1960,8,242,50*,22,0,1,01-Nov,11,0,2,0,11
Gul Mohammad,1946-1952,8,166,34,11.06,0,2,Feb-21,12,0,3,0,-0.93
Joginder Sharma,2004-2007,8,35,29*,35,0,5,Feb-20,50.6,0,5,0,-15.59
SC Khanna,1979-1984,8,169,56,28.16,0,-,-,-,-,4,4,-
T Kumaran,1999-2000,8,19,8,6.33,0,9,Mar-24,38.66,0,3,0,-32.33
VL Mehra,1955-1964,8,329,62,25.3,0,0,-,-,0,1,0,-
KK Nair,2016-2017,8,420,303*,52.5,1,0,-,-,0,6,0,-
GAHM Parkar,1982-1984,8,137,42,17.12,0,-,-,-,-,5,0,-
Sarandeep Singh,2000-2003,8,90,39*,22.5,0,13,4/136,40,0,3,0,-17.49
BB Sran,2016-2016,8,-,-,-,-,13,04-Oct,23.84,0,1,0,-
S Sriram,2000-2004,8,81,57,13.5,0,9,Mar-43,30.44,0,1,0,-16.94
MA Agarwal,2018-2019,7,615,215,55.9,2,-,-,-,-,6,0,-
L Amar Singh,1932-1936,7,292,51,22.46,0,28,Jul-86,30.64,2,3,0,-8.18
ML Apte,1952-1953,7,542,163*,49.27,1,0,-,-,0,2,0,-
ST Banerjee,1991-1992,7,52,25*,17.33,0,8,Mar-30,31.12,0,3,0,-13.79
VB Chandrasekhar,1988-1990,7,88,53,12.57,0,-,-,-,-,0,0,-
DJ Gandhi,1999-2000,7,253,88,28.11,0,-,-,-,-,3,0,-
A Mukund,2011-2017,7,320,81,22.85,0,0,-,-,0,6,0,-
CK Nayudu,1932-1936,7,350,81,25,0,9,Mar-40,42.88,0,4,0,-17.88
JM Patel,1955-1960,7,25,12,2.77,0,29,Sep-69,21.96,2,2,0,-19.18
VB Ranjane,1958-1964,7,40,16,6.66,0,19,Apr-72,34.15,0,1,0,-27.49
B Reddy,1978-1981,7,49,21,12.25,0,-,-,-,-,11,2,-
PH Sharma,1974-1977,7,207,54,17.25,0,0,-,-,0,1,0,-
SG Shinde,1946-1952,7,85,14,14.16,0,12,Jun-91,59.75,1,0,0,-45.58
VRV Singh,2006-2007,7,55,29,11,0,8,Mar-48,66.5,0,4,0,-55.49
GH Vihari,2018-2019,7,466,111,42.36,1,5,Mar-37,36,0,1,0,6.36
S Wazir Ali,1932-1936,7,237,42,16.92,0,0,-,-,0,1,0,-
B Yograj Singh,1980-1981,7,11,6,2.75,0,5,Feb-44,49.8,0,2,0,-47.04
B Arun,1986-1987,6,25,8,8.33,0,5,Mar-76,43.8,0,2,0,-35.46
CV Gadkari,1953-1955,6,129,50*,21.5,0,0,-,-,0,6,0,-
RS Ghai,1984-1986,6,1,1,1,0,3,Jan-38,86.66,0,0,0,-85.66
S Kaul,2018-2019,6,1,1,0.5,0,4,Feb-35,65.75,0,1,0,-65.24
P Krishnamurthy,1971-1976,6,39,20,5.57,0,-,-,-,-,8,2,-
SV Nayak,1981-1982,6,22,11,7.33,0,2,Jan-16,146.5,0,2,0,-139.16
M Nissar,1932-1936,6,55,14,6.87,0,25,May-90,28.28,3,2,0,-21.4
AK Patel,1984-1985,6,0,0,0,0,7,Mar-43,37.57,0,1,0,-37.57
LS Rajput,1985-1987,6,114,61,16.28,0,0,-,-,0,3,0,-
TAP Sekhar,1983-1985,6,0,0*,-,0,5,Mar-23,51.4,0,0,0,-
R Sharma,2011-2012,6,1,1,1,0,9,Mar-43,25.88,0,1,0,-24.88
T Yohannan,2001-2002,6,20,8*,-,0,10,Mar-33,37.8,0,1,0,-
DL Chahar,2018-2019,5,12,12,12,0,7,03-Apr,17.28,0,0,0,-5.28
RV Divecha,1951-1952,5,60,26,12,0,11,3/102,32.81,0,5,0,-20.81
D Ganesh,1997-1997,5,29,8,5.8,0,6,Feb-28,51.16,0,0,0,-45.36
RB Kenny,1958-1960,5,245,62,27.22,0,-,-,-,-,1,0,-
G Kishenchand,1947-1952,5,89,44,8.9,0,-,-,-,-,1,0,-
SS Naik,1974-1975,5,179,77,22.37,0,-,-,-,-,0,0,-
PH Punjabi,1955-1955,5,164,33,16.4,0,-,-,-,-,5,0,-
V Razdan,1989-1990,5,29,18,9.66,0,6,May-79,36.33,1,4,0,-26.66
NA Saini,2019-2019,5,0,0*,-,0,6,Mar-17,22.83,0,1,0,-
J Yadav,2016-2017,5,229,104,45.8,1,12,Mar-30,31.25,0,2,0,14.55
NA David,1997-1997,4,9,8*,-,0,4,Mar-21,33.25,0,0,0,-
R Dhawan,2016-2016,4,13,9,13,0,2,Jan-42,101,0,2,0,-87.99
S Guha,1967-1969,4,17,6,3.4,0,3,Feb-55,103.66,0,2,0,-100.26
DD Hindlekar,1936-1946,4,71,26,14.2,0,-,-,-,-,3,0,-
KC Ibrahim,1948-1949,4,169,85,21.12,0,-,-,-,-,0,0,-
KS Indrajitsinhji,1964-1969,4,51,23,8.5,0,-,-,-,-,6,3,-
M Jahangir Khan,1932-1936,4,39,13,5.57,0,4,Apr-60,63.75,0,4,0,-58.17
UN Kulkarni,1967-1968,4,13,7,4.33,0,5,Feb-37,47.6,0,0,0,-43.26
MK Mantri,1951-1955,4,67,39,9.57,0,-,-,-,-,8,1,-
PL Mhambrey,1996-1998,4,65,28,32.5,0,3,Jan-22,66.33,0,1,0,-33.83
AG Milkha Singh,1960-1961,4,92,35,15.33,0,0,-,-,0,2,0,-
Mohammed Siraj,2017-2019,4,-,-,-,-,3,Jan-45,74.66,0,1,0,-
MV Narasimha Rao,1978-1979,4,46,20*,9.2,0,3,Feb-46,75.66,0,8,0,-66.46
NV Ojha,2010-2015,4,69,35,13.8,0,-,-,-,-,4,2,-
JV Paranjpe,1998-1998,4,54,27,18,0,-,-,-,-,2,0,-
CR Rangachari,1948-1948,4,8,8*,2.66,0,9,5/107,54.77,1,0,0,-52.11
AK Roy,1969-1969,4,91,48,13,0,-,-,-,-,0,0,-
AM Salvi,2003-2003,4,4,4*,2,0,4,Feb-15,30,0,2,0,-27.99
KV Sharma,2014-2014,4,8,4*,8,0,5,Feb-95,78.2,0,3,0,-70.19
SW Sohoni,1946-1951,4,83,29*,16.6,0,2,Jan-16,101,0,2,0,-84.39
S Tyagi,2009-2010,4,1,1*,-,0,2,Jan-24,75,0,2,0,-
PS Vaidya,1995-1996,4,15,12,7.5,0,4,Feb-41,43.5,0,2,0,-35.99
Yajurvindra Singh,1977-1979,4,109,43*,18.16,0,0,-,-,0,11,0,-
P Bhandari,1955-1956,3,77,39,19.25,0,0,-,-,0,1,0,-
U Chatterjee,1995-1995,3,6,3*,6,0,3,Feb-35,39,0,1,0,-32.99
Dilawar Hussain,1934-1936,3,254,59,42.33,0,-,-,-,-,6,1,-
BP Gupte,1961-1965,3,28,17*,28,0,3,Jan-54,116.33,0,0,0,-88.33
Gurkeerat Singh,2016-2016,3,13,8,6.5,0,0,-,-,0,1,0,-
AH Kardar,1946-1946,3,80,43,16,0,-,-,-,-,1,0,-
Mandeep Singh,2016-2016,3,87,52*,43.5,0,-,-,-,-,1,0,-
SP Mukherjee,1990-1991,3,2,2*,-,0,2,Jan-30,49,0,1,0,-
Naoomal Jaoomal,1932-1934,3,108,43,27,0,2,01-Apr,34,0,0,0,-6.99
Pankaj Singh,2010-2014,3,13,9,4.33,0,2,2/113,168.5,0,3,0,-164.16
Nawab of Pataudi snr,1946-1946,3,55,22,11,0,-,-,-,-,0,0,-
KM Rangnekar,1947-1948,3,33,18,5.5,0,-,-,-,-,1,0,-
RH Shodhan,1952-1953,3,181,110,60.33,1,0,-,-,0,1,0,-
LR Shukla,1999-1999,3,18,13,9,0,1,Jan-25,94,0,1,0,-84.99
TE Srinivasan,1980-1981,3,58,29,14.5,0,-,-,-,-,0,0,-
SS Tiwary,2010-2010,3,49,37*,-,0,-,-,-,-,2,0,-
Vizianagram,1936-1936,3,33,19*,8.25,0,-,-,-,-,1,0,-
P Awana,2012-2012,2,-,-,-,-,0,-,-,0,0,0,-
A Bhandari,2000-2004,2,0,0*,-,0,5,Mar-31,21.2,0,0,0,-
AR Bhat,1983-1983,2,6,6,3,0,4,Feb-65,37.75,0,0,0,-34.74
Bhupinder Singh snr,1994-1994,2,6,6,6,0,3,Mar-34,26,0,0,0,-19.99
NR Chowdhury,1949-1951,2,3,3*,3,0,1,1/130,205,0,0,0,-201.99
SHM Colah,1932-1933,2,69,31,17.25,0,-,-,-,-,2,0,-
A Gandotra,1969-1969,2,54,18,13.5,0,0,-,-,0,1,0,-
MS Gony,2008-2008,2,-,-,-,-,2,Feb-65,38,0,0,0,-
GM Guard,1958-1960,2,11,7,5.5,0,3,Feb-69,60.66,0,2,0,-55.16
Gursharan Singh,1990-1990,2,22,18,11,0,-,-,-,-,3,0,-
MS Hardikar,1958-1958,2,56,32*,18.66,0,1,01-Sep,55,0,3,0,-36.33
JK Irani,1947-1947,2,3,2*,3,0,-,-,-,-,2,1,-
DJ Johnson,1996-1996,2,8,5,4,0,3,Feb-52,47.66,0,0,0,-43.66
HS Kanitkar,1974-1974,2,111,65,27.75,0,-,-,-,-,0,0,-
GK Khoda,1998-1998,2,115,89,57.5,0,-,-,-,-,0,0,-
VV Kumar,1961-1961,2,6,6,3,0,7,May-64,28.85,1,2,0,-25.85
ES Maka,1952-1953,2,2,2*,-,0,-,-,-,-,2,1,-
VM Muddiah,1959-1960,2,11,11,5.5,0,3,Feb-40,44.66,0,0,0,-39.16
JG Navle,1932-1933,2,42,13,10.5,0,-,-,-,-,1,0,-
AM Nayar,2009-2009,2,0,0*,-,0,0,-,-,0,0,0,-
S Nazir Ali,1932-1934,2,30,13,7.5,0,4,Apr-83,20.75,0,0,0,-13.24
PE Palia,1932-1936,2,29,16,9.66,0,0,-,-,0,0,0,-
GK Pandey,1999-1999,2,4,4*,4,0,0,-,-,0,0,0,-
RD Parkar,1972-1973,2,80,35,20,0,-,-,-,-,0,0,-
DD Parsana,1979-1979,2,1,1,0.5,0,1,Jan-32,50,0,0,0,-49.49
Parvez Rasool,2014-2017,2,5,5,5,0,3,Feb-60,30.66,0,0,0,-25.66
RGM Patel,1988-1988,2,0,0,0,0,0,-,-,0,1,0,-
C Ramaswami,1936-1936,2,170,60,56.66,0,-,-,-,-,0,0,-
Randhir Singh,1981-1983,2,-,-,-,-,1,Jan-30,48,0,0,0,-
SS Raul,1998-1998,2,8,8,4,0,1,Jan-13,27,0,0,0,-22.99
P Roy,1982-1982,2,71,60*,35.5,0,-,-,-,-,1,0,-
Sandeep Sharma,2015-2015,2,1,1*,-,0,1,Jan-39,73,0,0,0,-
PP Shaw,2018-2018,2,237,134,118.5,1,-,-,-,-,2,0,-
Shubman Gill,2019-2019,2,16,9,8,0,-,-,-,-,0,0,-
S Somasunder,1996-1996,2,16,9,8,0,-,-,-,-,0,0,-
GR Sunderam,1955-1956,2,3,3*,-,0,3,Feb-46,55.33,0,0,0,-
M Venkataramana,1988-1989,2,0,0*,-,0,3,Feb-36,31.33,0,1,0,-
Amir Elahi,1947-1947,1,17,13,8.5,0,-,-,-,-,0,0,-
AL Apte,1959-1959,1,15,8,7.5,0,-,-,-,-,0,0,-
S Aravind,2015-2015,1,-,-,-,-,1,Jan-44,44,0,0,0,-
SA Banerjee,1948-1949,1,0,0,0,0,5,4/120,36.2,0,3,0,-36.19
SN Banerjee,1949-1949,1,13,8,6.5,0,5,Apr-54,25.4,0,0,0,-18.89
M Baqa Jilani,1936-1936,1,16,12,16,0,0,-,-,0,0,0,-
GK Bose,1974-1974,1,13,13,13,0,1,Jan-39,39,0,0,0,-25.99
RD Chahar,2019-2019,1,-,-,-,-,1,Jan-27,27,0,0,0,-
HT Dani,1952-1952,1,-,-,-,-,1,01-Sep,19,0,1,0,-
P Dharmani,1996-1996,1,8,8,8,0,-,-,-,-,0,0,-
FY Fazal,2016-2016,1,55,55*,-,0,-,-,-,-,0,0,-
HG Gaekwad,1952-1952,1,22,14,11,0,0,-,-,0,0,0,-
MJ Gopalan,1934-1934,1,18,11*,18,0,1,Jan-39,39,0,3,0,-20.99
LP Jai,1933-1933,1,19,19,9.5,0,-,-,-,-,0,0,-
RJD Jamshedji,1933-1933,1,5,4*,-,0,3,3/137,45.66,0,2,0,-
HK Jayantilal,1971-1971,1,5,5,5,0,-,-,-,-,0,0,-
AV Kale,2003-2003,1,10,10,10,0,-,-,-,-,0,0,-
Lall Singh,1932-1932,1,44,29,22,0,-,-,-,-,1,0,-
M Markande,2019-2019,1,-,-,-,-,0,-,-,0,0,0,-
KR Meherhomji,1936-1936,1,0,0*,-,0,-,-,-,-,1,0,-
S Nadeem,2019-2019,1,1,1*,-,0,4,Feb-18,10,0,1,0,-
P Negi,2016-2016,1,-,-,-,-,1,Jan-16,16,0,2,0,-
S Nyalchand,1952-1952,1,7,6*,7,0,3,Mar-97,32.33,0,0,0,-25.33
AM Pai,1969-1969,1,10,9,5,0,2,Feb-29,15.5,0,0,0,-10.49
CT Patankar,1955-1956,1,14,13,14,0,-,-,-,-,3,1,-
Yuvraj of Patiala,1934-1934,1,84,60,42,0,-,-,-,-,2,0,-
SR Patil,1955-1955,1,14,14*,-,0,2,Jan-15,25.5,0,1,0,-
K Rai Singh,1948-1948,1,26,24,13,0,-,-,-,-,0,0,-
V Rajindernath,1952-1952,1,-,-,-,-,-,-,-,-,0,4,-
Rajinder Pal,1964-1964,1,6,3*,6,0,0,-,-,0,0,0,-
L Ramji,1933-1933,1,1,1,0.5,0,0,-,-,0,1,0,-
MR Rege,1949-1949,1,15,15,7.5,0,-,-,-,-,1,0,-
SV Samson,2015-2015,1,19,19,19,0,-,-,-,-,1,0,-
RC Saxena,1967-1967,1,25,16,12.5,0,0,-,-,0,0,0,-
AK Sengupta,1959-1959,1,9,8,4.5,0,-,-,-,-,0,0,-
RC Shukla,1982-1982,1,-,-,-,-,2,Feb-82,76,0,0,0,-
IR Siddiqui,2001-2001,1,29,24,29,0,1,Jan-32,48,0,1,0,-18.99
R Singh,1999-1999,1,0,0,0,0,3,Feb-74,58.66,0,1,0,-58.66
RP Singh,1986-1986,1,-,-,-,-,1,Jan-58,58,0,0,0,-
MM Sood,1960-1960,1,3,3,1.5,0,-,-,-,-,0,0,-
R Sudhakar Rao,1976-1976,1,4,4,4,0,-,-,-,-,1,0,-
VN Swamy,1955-1955,1,-,-,-,-,0,-,-,0,0,0,-
KK Tarapore,1948-1948,1,2,2,2,0,0,-,-,0,0,0,-